{
  "wallets": [
    {
      "id": "4sure-wallet",
      "name": "4Sure Wallet",
      "description": "An organizational wallet platform providing holder, issuer, and verifier capabilities for enterprise digital identity management.",
      "logo": "https://www.google.com/s2/favicons?domain=4sure.io&sz=128",
      "website": "https://4sure.io",
      "type": "organizational",
      "capabilities": [
        "holder",
        "issuer",
        "verifier"
      ],
      "platforms": [
        "Web"
      ],
      "credentialFormats": [
        "SD-JWT-VC",
        "JWT-VC"
      ],
      "issuanceProtocols": [
        "OpenID4VCI"
      ],
      "presentationProtocols": [
        "OpenID4VP"
      ],
      "interoperabilityProfiles": [
        "DIIP v4"
      ],
      "openSource": false,
      "status": "production",
      "provider": {
        "name": "4Sure",
        "website": "https://4sure.io",
        "logo": "https://www.google.com/s2/favicons?domain=4sure.io&sz=128"
      },
      "catalogUrl": "/home/runner/work/fides-wallet-catalog/fides-wallet-catalog/community-catalogs/4sure/wallet-catalog.json",
      "fetchedAt": "2026-01-06T10:29:27.879Z",
      "source": "local"
    },
    {
      "id": "affinidi-vault",
      "name": "Affinidi Vault",
      "description": "A comprehensive identity and data management platform enabling organizations to issue and hold verifiable credentials with privacy-preserving data sharing.",
      "logo": "https://www.google.com/s2/favicons?domain=affinidi.com&sz=128",
      "website": "https://www.affinidi.com",
      "type": "organizational",
      "capabilities": [
        "holder",
        "issuer"
      ],
      "platforms": [
        "Web"
      ],
      "credentialFormats": [
        "SD-JWT-VC",
        "JWT-VC",
        "JSON-LD VC"
      ],
      "issuanceProtocols": [
        "OpenID4VCI"
      ],
      "presentationProtocols": [
        "OpenID4VP"
      ],
      "openSource": false,
      "status": "production",
      "provider": {
        "name": "Affinidi",
        "website": "https://www.affinidi.com",
        "logo": "https://www.google.com/s2/favicons?domain=affinidi.com&sz=128"
      },
      "catalogUrl": "/home/runner/work/fides-wallet-catalog/fides-wallet-catalog/community-catalogs/affinidi/wallet-catalog.json",
      "fetchedAt": "2026-01-06T10:29:27.880Z",
      "source": "local"
    },
    {
      "id": "paradym-wallet",
      "name": "Paradym Wallet",
      "description": "A user-friendly wallet for managing verifiable credentials, built on the Credo framework.",
      "logo": "https://www.google.com/s2/favicons?domain=paradym.id&sz=128",
      "website": "https://paradym.id",
      "type": "personal",
      "platforms": [
        "iOS",
        "Android"
      ],
      "openSource": true,
      "license": "Apache-2.0",
      "repository": "https://github.com/animo/paradym-wallet",
      "credentialFormats": [
        "SD-JWT-VC",
        "JWT-VC",
        "AnonCreds",
        "mDL/mDoc"
      ],
      "issuanceProtocols": [
        "OpenID4VCI",
        "DIDComm Issue Credential v2"
      ],
      "presentationProtocols": [
        "OpenID4VP",
        "DIDComm Present Proof v2",
        "SIOPv2"
      ],
      "supportedDIDMethods": [
        "did:web",
        "did:key",
        "did:jwk",
        "did:peer"
      ],
      "keyManagement": [
        "Secure Enclave (iOS)",
        "StrongBox (Android)",
        "Software"
      ],
      "certifications": [],
      "interoperabilityProfiles": [
        "DIIP v4"
      ],
      "standards": [
        "ARF 1.4"
      ],
      "features": [
        "Biometric authentication",
        "QR code scanning",
        "Credential sharing",
        "Backup & recovery"
      ],
      "documentation": "https://docs.paradym.id",
      "appStoreLinks": {
        "iOS": "https://apps.apple.com/us/app/paradym-wallet/id6449846111",
        "android": "https://play.google.com/store/apps/details?id=id.paradym.wallet"
      },
      "status": "production",
      "releaseDate": "2023-06-01",
      "provider": {
        "name": "Animo Solutions",
        "did": "did:web:animo.id",
        "website": "https://animo.id",
        "logo": "https://www.google.com/s2/favicons?domain=animo.id&sz=128",
        "contact": {
          "email": "info@animo.id",
          "support": "https://animo.id/support"
        }
      },
      "catalogUrl": "/home/runner/work/fides-wallet-catalog/fides-wallet-catalog/community-catalogs/animo/wallet-catalog.json",
      "fetchedAt": "2026-01-06T10:29:27.881Z",
      "source": "local"
    },
    {
      "id": "paradym-platform",
      "name": "Paradym Platform",
      "description": "An enterprise platform for issuing and verifying verifiable credentials, built on the open-source Credo framework.",
      "logo": "https://www.google.com/s2/favicons?domain=paradym.id&sz=128",
      "website": "https://paradym.id",
      "type": "organizational",
      "capabilities": [
        "holder",
        "issuer"
      ],
      "platforms": [
        "Web"
      ],
      "openSource": false,
      "credentialFormats": [
        "SD-JWT-VC",
        "JWT-VC",
        "AnonCreds",
        "mDL/mDoc"
      ],
      "issuanceProtocols": [
        "OpenID4VCI",
        "DIDComm Issue Credential v2"
      ],
      "presentationProtocols": [
        "OpenID4VP",
        "DIDComm Present Proof v2"
      ],
      "supportedDIDMethods": [
        "did:web",
        "did:key",
        "did:jwk",
        "did:cheqd"
      ],
      "documentation": "https://docs.paradym.id",
      "status": "production",
      "provider": {
        "name": "Animo Solutions",
        "did": "did:web:animo.id",
        "website": "https://animo.id",
        "logo": "https://www.google.com/s2/favicons?domain=animo.id&sz=128",
        "contact": {
          "email": "info@animo.id",
          "support": "https://animo.id/support"
        }
      },
      "catalogUrl": "/home/runner/work/fides-wallet-catalog/fides-wallet-catalog/community-catalogs/animo/wallet-catalog.json",
      "fetchedAt": "2026-01-06T10:29:27.881Z",
      "source": "local"
    },
    {
      "id": "apple-wallet",
      "name": "Apple Wallet",
      "logo": "https://www.google.com/s2/favicons?domain=apple.com&sz=128",
      "description": "Apple's built-in wallet app for iPhone, supporting payment cards, boarding passes, tickets, and increasingly digital identity credentials like driver's licenses.",
      "type": "personal",
      "platforms": [
        "iOS"
      ],
      "credentialFormats": [
        "mDL/mDoc"
      ],
      "website": "https://www.apple.com/wallet/",
      "appStoreLinks": {
        "iOS": "https://apps.apple.com/us/app/apple-wallet/id1160481993"
      },
      "openSource": false,
      "status": "production",
      "provider": {
        "name": "Apple",
        "website": "https://www.apple.com",
        "logo": "https://www.google.com/s2/favicons?domain=apple.com&sz=128"
      },
      "catalogUrl": "/home/runner/work/fides-wallet-catalog/fides-wallet-catalog/community-catalogs/apple/wallet-catalog.json",
      "fetchedAt": "2026-01-06T10:29:27.891Z",
      "source": "local"
    },
    {
      "id": "archipels-wallet",
      "name": "Archipels",
      "description": "A French enterprise identity platform providing complete holder, issuer, and verifier capabilities for organizational digital credential management.",
      "logo": "https://www.google.com/s2/favicons?domain=archipels.io&sz=128",
      "website": "https://en.archipels.io",
      "type": "organizational",
      "capabilities": [
        "holder",
        "issuer",
        "verifier"
      ],
      "platforms": [
        "Web"
      ],
      "credentialFormats": [
        "SD-JWT-VC",
        "JWT-VC"
      ],
      "issuanceProtocols": [
        "OpenID4VCI"
      ],
      "presentationProtocols": [
        "OpenID4VP"
      ],
      "openSource": false,
      "status": "production",
      "provider": {
        "name": "Archipels",
        "website": "https://en.archipels.io",
        "logo": "https://www.google.com/s2/favicons?domain=archipels.io&sz=128"
      },
      "catalogUrl": "/home/runner/work/fides-wallet-catalog/fides-wallet-catalog/community-catalogs/archipels/wallet-catalog.json",
      "fetchedAt": "2026-01-06T10:29:27.892Z",
      "source": "local"
    },
    {
      "id": "auth0-lab-verifiable-credentials",
      "name": "Auth0 Lab Verifiable Credentials",
      "description": "Auth0's experimental verifiable credentials platform enabling organizations to issue and verify digital credentials integrated with Auth0's identity platform.",
      "logo": "https://www.google.com/s2/favicons?domain=auth0.com&sz=128",
      "website": "https://lab.auth0.com",
      "type": "organizational",
      "capabilities": [
        "issuer",
        "verifier"
      ],
      "platforms": [
        "Web"
      ],
      "credentialFormats": [
        "SD-JWT-VC",
        "JWT-VC"
      ],
      "issuanceProtocols": [
        "OpenID4VCI"
      ],
      "presentationProtocols": [
        "OpenID4VP"
      ],
      "openSource": false,
      "status": "beta",
      "provider": {
        "name": "Auth0 (Okta)",
        "website": "https://auth0.com",
        "logo": "https://www.google.com/s2/favicons?domain=auth0.com&sz=128"
      },
      "catalogUrl": "/home/runner/work/fides-wallet-catalog/fides-wallet-catalog/community-catalogs/auth0/wallet-catalog.json",
      "fetchedAt": "2026-01-06T10:29:27.893Z",
      "source": "local"
    },
    {
      "id": "auvodigital-wallet",
      "name": "AuvoDigital",
      "description": "An enterprise digital identity platform offering complete holder, issuer, and verifier capabilities for organizational credential management.",
      "logo": "https://www.google.com/s2/favicons?domain=auvo.io&sz=128",
      "website": "https://auvo.io",
      "type": "organizational",
      "capabilities": [
        "holder",
        "issuer",
        "verifier"
      ],
      "platforms": [
        "Web"
      ],
      "credentialFormats": [
        "SD-JWT-VC",
        "JWT-VC"
      ],
      "issuanceProtocols": [
        "OpenID4VCI"
      ],
      "presentationProtocols": [
        "OpenID4VP"
      ],
      "openSource": false,
      "status": "production",
      "provider": {
        "name": "AuvoDigital",
        "website": "https://auvo.io",
        "logo": "https://www.google.com/s2/favicons?domain=auvo.io&sz=128"
      },
      "catalogUrl": "/home/runner/work/fides-wallet-catalog/fides-wallet-catalog/community-catalogs/auvodigital/wallet-catalog.json",
      "fetchedAt": "2026-01-06T10:29:27.893Z",
      "source": "local"
    },
    {
      "id": "credenco-wallet",
      "name": "Credenco Wallet",
      "description": "A DIIP v4 compliant organizational wallet platform providing full holder, issuer, and verifier capabilities for enterprise digital identity management.",
      "logo": "https://www.google.com/s2/favicons?domain=credenco.com&sz=128",
      "website": "https://www.credenco.com",
      "type": "organizational",
      "capabilities": [
        "holder",
        "issuer",
        "verifier"
      ],
      "platforms": [
        "Web"
      ],
      "credentialFormats": [
        "SD-JWT-VC",
        "JWT-VC"
      ],
      "issuanceProtocols": [
        "OpenID4VCI"
      ],
      "presentationProtocols": [
        "OpenID4VP"
      ],
      "interoperabilityProfiles": [
        "DIIP v4"
      ],
      "openSource": false,
      "status": "production",
      "provider": {
        "name": "Credenco",
        "website": "https://www.credenco.com",
        "logo": "https://www.google.com/s2/favicons?domain=credenco.com&sz=128"
      },
      "catalogUrl": "/home/runner/work/fides-wallet-catalog/fides-wallet-catalog/community-catalogs/credenco/wallet-catalog.json",
      "fetchedAt": "2026-01-06T10:29:27.894Z",
      "source": "local"
    },
    {
      "id": "digidentity-wallet",
      "name": "Digidentity Wallet",
      "logo": "https://www.google.com/s2/favicons?domain=digidentity.com&sz=128",
      "description": "A HAIP-compliant identity wallet from Digidentity, supporting secure digital identity verification and verifiable credentials for government and enterprise use cases.",
      "type": "personal",
      "platforms": [
        "iOS",
        "Android"
      ],
      "credentialFormats": [
        "SD-JWT-VC",
        "JWT-VC"
      ],
      "protocols": {
        "issuance": [
          "OpenID4VCI"
        ],
        "presentation": [
          "OpenID4VP"
        ]
      },
      "interoperabilityProfiles": [
        "EWC v3"
      ],
      "website": "https://www.digidentity.com",
      "appStoreLinks": {
        "iOS": "https://apps.apple.com/app/digidentity-wallet/id916749732",
        "android": "https://play.google.com/store/apps/details?id=com.digidentity"
      },
      "openSource": false,
      "status": "production",
      "provider": {
        "name": "Digidentity",
        "website": "https://www.digidentity.com",
        "logo": "https://www.google.com/s2/favicons?domain=digidentity.com&sz=128"
      },
      "catalogUrl": "/home/runner/work/fides-wallet-catalog/fides-wallet-catalog/community-catalogs/digidentity/wallet-catalog.json",
      "fetchedAt": "2026-01-06T10:29:27.895Z",
      "source": "local"
    },
    {
      "id": "veres-wallet",
      "name": "Veres Wallet",
      "description": "An enterprise-grade verifiable credentials platform built by Digital Bazaar, pioneers of the W3C Verifiable Credentials standard, offering issuer and verifier capabilities.",
      "logo": "https://www.google.com/s2/favicons?domain=digitalbazaar.com&sz=128",
      "website": "https://www.digitalbazaar.com",
      "type": "organizational",
      "capabilities": [
        "issuer",
        "verifier"
      ],
      "platforms": [
        "Web"
      ],
      "credentialFormats": [
        "JSON-LD VC",
        "JWT-VC"
      ],
      "issuanceProtocols": [
        "OpenID4VCI"
      ],
      "presentationProtocols": [
        "OpenID4VP"
      ],
      "supportedDIDMethods": [
        "did:web",
        "did:key"
      ],
      "openSource": true,
      "license": "BSD-3-Clause",
      "status": "production",
      "provider": {
        "name": "Digital Bazaar",
        "website": "https://www.digitalbazaar.com",
        "logo": "https://www.google.com/s2/favicons?domain=digitalbazaar.com&sz=128"
      },
      "catalogUrl": "/home/runner/work/fides-wallet-catalog/fides-wallet-catalog/community-catalogs/digitalbazaar/wallet-catalog.json",
      "fetchedAt": "2026-01-06T10:29:27.896Z",
      "source": "local"
    },
    {
      "id": "dock-certs",
      "name": "Dock Certs",
      "description": "A blockchain-based verifiable credentials platform enabling organizations to issue and verify tamper-proof digital credentials.",
      "logo": "https://www.google.com/s2/favicons?domain=dock.io&sz=128",
      "website": "https://www.dock.io",
      "type": "organizational",
      "capabilities": [
        "issuer",
        "verifier"
      ],
      "platforms": [
        "Web"
      ],
      "credentialFormats": [
        "JSON-LD VC",
        "JWT-VC"
      ],
      "issuanceProtocols": [
        "OpenID4VCI"
      ],
      "presentationProtocols": [
        "OpenID4VP"
      ],
      "supportedDIDMethods": [
        "did:dock",
        "did:key"
      ],
      "openSource": false,
      "status": "production",
      "provider": {
        "name": "Dock",
        "website": "https://www.dock.io",
        "logo": "https://www.google.com/s2/favicons?domain=dock.io&sz=128"
      },
      "catalogUrl": "/home/runner/work/fides-wallet-catalog/fides-wallet-catalog/community-catalogs/dock/wallet-catalog.json",
      "fetchedAt": "2026-01-06T10:29:27.897Z",
      "source": "local"
    },
    {
      "id": "didroom",
      "name": "DIDroom",
      "description": "An open-source decentralized identity platform providing issuer and verifier capabilities with a focus on privacy and user sovereignty.",
      "logo": "https://www.google.com/s2/favicons?domain=forkbomb.solutions&sz=128",
      "website": "https://forkbomb.solutions",
      "type": "organizational",
      "capabilities": [
        "issuer",
        "verifier"
      ],
      "platforms": [
        "Web"
      ],
      "credentialFormats": [
        "SD-JWT-VC",
        "JWT-VC"
      ],
      "issuanceProtocols": [
        "OpenID4VCI"
      ],
      "presentationProtocols": [
        "OpenID4VP"
      ],
      "openSource": true,
      "license": "AGPL-3.0",
      "status": "production",
      "provider": {
        "name": "Forkbomb",
        "website": "https://forkbomb.solutions",
        "logo": "https://www.google.com/s2/favicons?domain=forkbomb.solutions&sz=128"
      },
      "catalogUrl": "/home/runner/work/fides-wallet-catalog/fides-wallet-catalog/community-catalogs/forkbomb/wallet-catalog.json",
      "fetchedAt": "2026-01-06T10:29:27.898Z",
      "source": "local"
    },
    {
      "id": "gataca-wallet",
      "name": "Gataca Digital Identity Wallet",
      "logo": "https://www.google.com/s2/favicons?domain=gataca.io&sz=128",
      "description": "A privacy-first digital identity wallet supporting verifiable credentials and self-sovereign identity with DIIP v4 compliance.",
      "type": "personal",
      "platforms": [
        "iOS",
        "Android"
      ],
      "credentialFormats": [
        "SD-JWT-VC",
        "JWT-VC",
        "JSON-LD VC"
      ],
      "protocols": {
        "issuance": [
          "OpenID4VCI"
        ],
        "presentation": [
          "OpenID4VP"
        ]
      },
      "interoperabilityProfiles": [
        "DIIP v4"
      ],
      "website": "https://gataca.io",
      "appStoreLinks": {
        "iOS": "https://apps.apple.com/app/gataca/id1498607616",
        "android": "https://play.google.com/store/apps/details?id=com.gataca.identity"
      },
      "openSource": false,
      "status": "production",
      "provider": {
        "name": "Gataca Labs",
        "website": "https://gataca.io",
        "logo": "https://www.google.com/s2/favicons?domain=gataca.io&sz=128"
      },
      "catalogUrl": "/home/runner/work/fides-wallet-catalog/fides-wallet-catalog/community-catalogs/gataca/wallet-catalog.json",
      "fetchedAt": "2026-01-06T10:29:27.899Z",
      "source": "local"
    },
    {
      "id": "google-wallet",
      "name": "Google Wallet",
      "logo": "https://www.google.com/s2/favicons?domain=google.com&sz=128",
      "description": "Google's digital wallet for Android devices, supporting payment cards, loyalty cards, boarding passes, tickets, and digital identity credentials.",
      "type": "personal",
      "platforms": [
        "Android"
      ],
      "credentialFormats": [
        "mDL/mDoc"
      ],
      "website": "https://wallet.google.com/",
      "appStoreLinks": {
        "android": "https://play.google.com/store/apps/details?id=com.google.android.apps.walletnfcrel"
      },
      "openSource": false,
      "status": "production",
      "provider": {
        "name": "Google",
        "website": "https://www.google.com",
        "logo": "https://www.google.com/s2/favicons?domain=google.com&sz=128"
      },
      "catalogUrl": "/home/runner/work/fides-wallet-catalog/fides-wallet-catalog/community-catalogs/google/wallet-catalog.json",
      "fetchedAt": "2026-01-06T10:29:27.901Z",
      "source": "local"
    },
    {
      "id": "igrant-data-wallet",
      "name": "Data Wallet by iGrant.io",
      "description": "A privacy-first data wallet focused on GDPR compliance and data exchange, enabling individuals to manage consent and share verifiable credentials securely.",
      "logo": "https://www.google.com/s2/favicons?domain=igrant.io&sz=128",
      "website": "https://igrant.io/datawallet",
      "type": "personal",
      "platforms": [
        "iOS",
        "Android",
        "Web"
      ],
      "openSource": true,
      "license": "Apache-2.0",
      "repository": "https://github.com/decentralised-dataexchange/data-wallet",
      "credentialFormats": [
        "SD-JWT-VC",
        "JWT-VC",
        "AnonCreds"
      ],
      "issuanceProtocols": [
        "OpenID4VCI",
        "DIDComm Issue Credential v2"
      ],
      "presentationProtocols": [
        "OpenID4VP",
        "DIDComm Present Proof v2"
      ],
      "supportedDIDMethods": [
        "did:key",
        "did:web",
        "did:peer"
      ],
      "keyManagement": [
        "Secure Enclave (iOS)",
        "StrongBox (Android)",
        "Software"
      ],
      "certifications": [],
      "interoperabilityProfiles": [
        "DIIP v4",
        "EWC v3"
      ],
      "standards": [
        "ARF 1.4"
      ],
      "features": [
        "GDPR consent management",
        "Data agreement signing",
        "Privacy dashboard",
        "Credential sharing with consent",
        "Audit trail"
      ],
      "documentation": "https://docs.igrant.io",
      "appStoreLinks": {
        "iOS": "https://apps.apple.com/app/data-wallet/id1522644429",
        "android": "https://play.google.com/store/apps/details?id=io.igrant.mobileagent"
      },
      "status": "production",
      "releaseDate": "2021-06-01",
      "provider": {
        "name": "iGrant.io",
        "did": "did:web:igrant.io",
        "website": "https://igrant.io",
        "logo": "https://www.google.com/s2/favicons?domain=igrant.io&sz=128",
        "contact": {
          "email": "info@igrant.io"
        }
      },
      "catalogUrl": "/home/runner/work/fides-wallet-catalog/fides-wallet-catalog/community-catalogs/igrant/wallet-catalog.json",
      "fetchedAt": "2026-01-06T10:29:27.902Z",
      "source": "local"
    },
    {
      "id": "igrant-organization-wallet",
      "name": "iGrant.io Organization Wallet",
      "description": "An enterprise wallet platform providing complete holder, issuer, and verifier capabilities with DIIP v4 compliance for organizational digital identity management.",
      "logo": "https://www.google.com/s2/favicons?domain=igrant.io&sz=128",
      "website": "https://igrant.io",
      "type": "organizational",
      "capabilities": [
        "holder",
        "issuer",
        "verifier"
      ],
      "platforms": [
        "Web"
      ],
      "openSource": true,
      "license": "Apache-2.0",
      "credentialFormats": [
        "SD-JWT-VC",
        "JWT-VC",
        "AnonCreds"
      ],
      "issuanceProtocols": [
        "OpenID4VCI",
        "DIDComm Issue Credential v2"
      ],
      "presentationProtocols": [
        "OpenID4VP",
        "DIDComm Present Proof v2"
      ],
      "supportedDIDMethods": [
        "did:key",
        "did:web"
      ],
      "interoperabilityProfiles": [
        "EWC v3"
      ],
      "documentation": "https://docs.igrant.io",
      "status": "production",
      "provider": {
        "name": "iGrant.io",
        "did": "did:web:igrant.io",
        "website": "https://igrant.io",
        "logo": "https://www.google.com/s2/favicons?domain=igrant.io&sz=128",
        "contact": {
          "email": "info@igrant.io"
        }
      },
      "catalogUrl": "/home/runner/work/fides-wallet-catalog/fides-wallet-catalog/community-catalogs/igrant/wallet-catalog.json",
      "fetchedAt": "2026-01-06T10:29:27.902Z",
      "source": "local"
    },
    {
      "id": "unime-wallet",
      "name": "UniMe",
      "logo": "https://www.google.com/s2/favicons?domain=impierce.com&sz=128",
      "description": "A privacy-focused identity wallet supporting HAIP interoperability profile, enabling secure storage and sharing of verifiable credentials.",
      "type": "personal",
      "platforms": [
        "iOS",
        "Android"
      ],
      "credentialFormats": [
        "SD-JWT-VC",
        "JWT-VC"
      ],
      "issuanceProtocols": [
        "OpenID4VCI"
      ],
      "presentationProtocols": [
        "OpenID4VP"
      ],
      "interoperabilityProfiles": [
        "DIIP v4"
      ],
      "website": "https://impierce.com/unime",
      "appStoreLinks": {
        "iOS": "https://apps.apple.com/app/unime-identity-wallet/id6451394321",
        "android": "https://play.google.com/store/apps/details?id=com.impierce.identity_wallet"
      },
      "openSource": true,
      "status": "production",
      "provider": {
        "name": "Impierce Technologies",
        "website": "https://impierce.com",
        "logo": "https://www.google.com/s2/favicons?domain=impierce.com&sz=128"
      },
      "catalogUrl": "/home/runner/work/fides-wallet-catalog/fides-wallet-catalog/community-catalogs/impierce/wallet-catalog.json",
      "fetchedAt": "2026-01-06T10:29:27.904Z",
      "source": "local"
    },
    {
      "id": "impierce-agent",
      "name": "Impierce Agent",
      "logo": "https://www.google.com/s2/favicons?domain=impierce.com&sz=128",
      "description": "An open-source organizational identity agent providing complete holder, issuer, and verifier capabilities built on the UniCore framework.",
      "type": "organizational",
      "capabilities": [
        "holder",
        "issuer",
        "verifier"
      ],
      "platforms": [
        "Web"
      ],
      "credentialFormats": [
        "SD-JWT-VC",
        "JWT-VC"
      ],
      "issuanceProtocols": [
        "OpenID4VCI"
      ],
      "presentationProtocols": [
        "OpenID4VP"
      ],
      "website": "https://impierce.com",
      "openSource": true,
      "license": "Apache-2.0",
      "repository": "https://github.com/impierce/ssi-agent",
      "status": "production",
      "provider": {
        "name": "Impierce Technologies",
        "website": "https://impierce.com",
        "logo": "https://www.google.com/s2/favicons?domain=impierce.com&sz=128"
      },
      "catalogUrl": "/home/runner/work/fides-wallet-catalog/fides-wallet-catalog/community-catalogs/impierce/wallet-catalog.json",
      "fetchedAt": "2026-01-06T10:29:27.904Z",
      "source": "local"
    },
    {
      "id": "lissi-wallet",
      "name": "Lissi Wallet",
      "description": "A privacy-focused digital identity wallet developed by Neosfer, a subsidiary of Commerzbank, enabling users to securely store and share verifiable credentials.",
      "logo": "https://www.google.com/s2/favicons?domain=lissi.id&sz=128",
      "website": "https://lissi.id/wallet",
      "type": "personal",
      "platforms": [
        "iOS",
        "Android"
      ],
      "openSource": false,
      "credentialFormats": [
        "SD-JWT-VC",
        "AnonCreds",
        "JWT-VC"
      ],
      "issuanceProtocols": [
        "OpenID4VCI",
        "DIDComm Issue Credential v2"
      ],
      "presentationProtocols": [
        "OpenID4VP",
        "DIDComm Present Proof v2",
        "SIOPv2"
      ],
      "supportedDIDMethods": [
        "did:key",
        "did:peer",
        "did:indy"
      ],
      "keyManagement": [
        "Secure Enclave (iOS)",
        "StrongBox (Android)",
        "Software"
      ],
      "certifications": [
        "EUDI Wallet LSP"
      ],
      "interoperabilityProfiles": [
        "EWC v3"
      ],
      "standards": [
        "ARF 1.4"
      ],
      "features": [
        "Biometric authentication",
        "Privacy-preserving selective disclosure",
        "Credential backup",
        "Multi-language support"
      ],
      "documentation": "https://docs.lissi.id",
      "appStoreLinks": {
        "iOS": "https://apps.apple.com/app/lissi-wallet/id1529848685",
        "android": "https://play.google.com/store/apps/details?id=io.lissi.mobile.android"
      },
      "status": "production",
      "releaseDate": "2021-01-15",
      "provider": {
        "name": "Neosfer GmbH",
        "did": "did:web:lissi.id",
        "website": "https://lissi.id",
        "logo": "https://www.google.com/s2/favicons?domain=lissi.id&sz=128",
        "contact": {
          "email": "info@lissi.id"
        }
      },
      "catalogUrl": "/home/runner/work/fides-wallet-catalog/fides-wallet-catalog/community-catalogs/lissi/wallet-catalog.json",
      "fetchedAt": "2026-01-06T10:29:27.905Z",
      "source": "local"
    },
    {
      "id": "lissi-id-wallet-connector",
      "name": "Lissi ID-Wallet Connector",
      "description": "An enterprise integration platform enabling organizations to hold, issue, and verify verifiable credentials, connecting with the Lissi ecosystem.",
      "logo": "https://www.google.com/s2/favicons?domain=lissi.id&sz=128",
      "website": "https://www.lissi.id",
      "type": "organizational",
      "capabilities": [
        "holder",
        "issuer",
        "verifier"
      ],
      "platforms": [
        "Web"
      ],
      "openSource": false,
      "credentialFormats": [
        "SD-JWT-VC",
        "AnonCreds",
        "JWT-VC"
      ],
      "issuanceProtocols": [
        "OpenID4VCI",
        "DIDComm Issue Credential v2"
      ],
      "presentationProtocols": [
        "OpenID4VP",
        "DIDComm Present Proof v2"
      ],
      "supportedDIDMethods": [
        "did:web",
        "did:key",
        "did:indy"
      ],
      "interoperabilityProfiles": [
        "EWC v3"
      ],
      "documentation": "https://docs.lissi.id",
      "status": "production",
      "provider": {
        "name": "Neosfer GmbH",
        "did": "did:web:lissi.id",
        "website": "https://lissi.id",
        "logo": "https://www.google.com/s2/favicons?domain=lissi.id&sz=128",
        "contact": {
          "email": "info@lissi.id"
        }
      },
      "catalogUrl": "/home/runner/work/fides-wallet-catalog/fides-wallet-catalog/community-catalogs/lissi/wallet-catalog.json",
      "fetchedAt": "2026-01-06T10:29:27.905Z",
      "source": "local"
    },
    {
      "id": "mattr-vii",
      "name": "MATTR VII",
      "description": "An enterprise identity infrastructure platform providing comprehensive issuer and verifier capabilities for verifiable credentials at scale.",
      "logo": "https://www.google.com/s2/favicons?domain=mattr.global&sz=128",
      "website": "https://mattr.global",
      "type": "organizational",
      "capabilities": [
        "issuer",
        "verifier"
      ],
      "platforms": [
        "Web"
      ],
      "credentialFormats": [
        "SD-JWT-VC",
        "JWT-VC",
        "JSON-LD VC",
        "mDL/mDoc"
      ],
      "issuanceProtocols": [
        "OpenID4VCI"
      ],
      "presentationProtocols": [
        "OpenID4VP"
      ],
      "supportedDIDMethods": [
        "did:web",
        "did:key",
        "did:ion"
      ],
      "openSource": false,
      "status": "production",
      "documentation": "https://learn.mattr.global",
      "provider": {
        "name": "MATTR",
        "website": "https://mattr.global",
        "logo": "https://www.google.com/s2/favicons?domain=mattr.global&sz=128"
      },
      "catalogUrl": "/home/runner/work/fides-wallet-catalog/fides-wallet-catalog/community-catalogs/mattr/wallet-catalog.json",
      "fetchedAt": "2026-01-06T10:29:27.906Z",
      "source": "local"
    },
    {
      "id": "meeco-wallet",
      "name": "Meeco Wallet",
      "description": "A personal data and identity management platform enabling organizations to hold and issue verifiable credentials with zero-knowledge proof capabilities.",
      "logo": "https://www.google.com/s2/favicons?domain=meeco.me&sz=128",
      "website": "https://www.meeco.me",
      "type": "organizational",
      "capabilities": [
        "holder",
        "issuer"
      ],
      "platforms": [
        "Web",
        "iOS",
        "Android"
      ],
      "credentialFormats": [
        "SD-JWT-VC",
        "JWT-VC"
      ],
      "issuanceProtocols": [
        "OpenID4VCI"
      ],
      "presentationProtocols": [
        "OpenID4VP"
      ],
      "openSource": false,
      "status": "production",
      "provider": {
        "name": "Meeco",
        "website": "https://www.meeco.me",
        "logo": "https://www.google.com/s2/favicons?domain=meeco.me&sz=128"
      },
      "catalogUrl": "/home/runner/work/fides-wallet-catalog/fides-wallet-catalog/community-catalogs/meeco/wallet-catalog.json",
      "fetchedAt": "2026-01-06T10:29:27.906Z",
      "source": "local"
    },
    {
      "id": "microsoft-authenticator",
      "name": "Microsoft Authenticator",
      "logo": "https://www.google.com/s2/favicons?domain=microsoft.com&sz=128",
      "description": "Microsoft's authentication app that also supports verifiable credentials through Microsoft Entra Verified ID, enabling passwordless sign-in and digital identity verification.",
      "type": "personal",
      "platforms": [
        "iOS",
        "Android"
      ],
      "credentialFormats": [
        "JWT-VC"
      ],
      "protocols": {
        "issuance": [
          "OpenID4VCI"
        ],
        "presentation": [
          "OpenID4VP"
        ]
      },
      "website": "https://www.microsoft.com/authenticator",
      "appStoreLinks": {
        "iOS": "https://apps.apple.com/us/app/microsoft-authenticator/id983156458",
        "android": "https://play.google.com/store/apps/details?id=com.azure.authenticator"
      },
      "openSource": false,
      "status": "production",
      "provider": {
        "name": "Microsoft",
        "website": "https://www.microsoft.com",
        "logo": "https://www.google.com/s2/favicons?domain=microsoft.com&sz=128"
      },
      "catalogUrl": "/home/runner/work/fides-wallet-catalog/fides-wallet-catalog/community-catalogs/microsoft/wallet-catalog.json",
      "fetchedAt": "2026-01-06T10:29:27.907Z",
      "source": "local"
    },
    {
      "id": "mini-wallet-finland",
      "name": "Mini-Wallet (Finland)",
      "description": "The Finnish government's digital identity wallet enabling organizations and citizens to hold and issue verifiable credentials as part of the national digital identity infrastructure.",
      "logo": "https://www.google.com/s2/favicons?domain=minisuomi.fi&sz=128",
      "website": "https://wallet.minisuomi.fi",
      "type": "organizational",
      "capabilities": [
        "holder",
        "issuer"
      ],
      "platforms": [
        "Web"
      ],
      "credentialFormats": [
        "SD-JWT-VC",
        "JWT-VC"
      ],
      "issuanceProtocols": [
        "OpenID4VCI"
      ],
      "presentationProtocols": [
        "OpenID4VP"
      ],
      "openSource": false,
      "status": "production",
      "provider": {
        "name": "Mini-Suomi (DVV Finland)",
        "website": "https://wallet.minisuomi.fi",
        "logo": "https://www.google.com/s2/favicons?domain=minisuomi.fi&sz=128"
      },
      "catalogUrl": "/home/runner/work/fides-wallet-catalog/fides-wallet-catalog/community-catalogs/minisuomi/wallet-catalog.json",
      "fetchedAt": "2026-01-06T10:29:27.907Z",
      "source": "local"
    },
    {
      "id": "inji-wallet",
      "name": "Inji Wallet",
      "description": "An open-source modular identity platform providing complete holder, issuer (Certify), and verifier capabilities, designed for national-scale digital identity deployments.",
      "logo": "https://www.google.com/s2/favicons?domain=mosip.io&sz=128",
      "website": "https://www.mosip.io",
      "type": "organizational",
      "capabilities": [
        "holder",
        "issuer",
        "verifier"
      ],
      "platforms": [
        "Web",
        "iOS",
        "Android"
      ],
      "credentialFormats": [
        "SD-JWT-VC",
        "JWT-VC",
        "mDL/mDoc"
      ],
      "issuanceProtocols": [
        "OpenID4VCI"
      ],
      "presentationProtocols": [
        "OpenID4VP"
      ],
      "openSource": true,
      "license": "MPL-2.0",
      "repository": "https://github.com/mosip/inji",
      "status": "production",
      "documentation": "https://docs.mosip.io",
      "provider": {
        "name": "MOSIP",
        "website": "https://www.mosip.io",
        "logo": "https://www.google.com/s2/favicons?domain=mosip.io&sz=128"
      },
      "catalogUrl": "/home/runner/work/fides-wallet-catalog/fides-wallet-catalog/community-catalogs/mosip/wallet-catalog.json",
      "fetchedAt": "2026-01-06T10:29:27.908Z",
      "source": "local"
    },
    {
      "id": "orbit-enterprise",
      "name": "Orbit Enterprise",
      "description": "An enterprise digital identity platform providing holder and issuer capabilities for organizations to manage and issue verifiable credentials.",
      "logo": "https://www.google.com/s2/favicons?domain=northernblock.io&sz=128",
      "website": "https://northernblock.io",
      "type": "organizational",
      "capabilities": [
        "holder",
        "issuer"
      ],
      "platforms": [
        "Web"
      ],
      "credentialFormats": [
        "SD-JWT-VC",
        "JWT-VC",
        "AnonCreds"
      ],
      "issuanceProtocols": [
        "OpenID4VCI",
        "DIDComm Issue Credential v2"
      ],
      "presentationProtocols": [
        "OpenID4VP",
        "DIDComm Present Proof v2"
      ],
      "openSource": false,
      "status": "production",
      "provider": {
        "name": "Northern Block",
        "website": "https://northernblock.io",
        "logo": "https://www.google.com/s2/favicons?domain=northernblock.io&sz=128"
      },
      "catalogUrl": "/home/runner/work/fides-wallet-catalog/fides-wallet-catalog/community-catalogs/northernblock/wallet-catalog.json",
      "fetchedAt": "2026-01-06T10:29:27.908Z",
      "source": "local"
    },
    {
      "id": "yivi",
      "name": "Yivi",
      "logo": "https://www.google.com/s2/favicons?domain=yivi.app&sz=128",
      "description": "An open-source privacy-friendly identity wallet (formerly IRMA) developed by the Privacy by Design Foundation, enabling attribute-based credentials with selective disclosure.",
      "type": "personal",
      "platforms": [
        "iOS",
        "Android"
      ],
      "credentialFormats": [
        "AnonCreds"
      ],
      "protocols": {
        "presentation": [
          "IRMA Protocol"
        ]
      },
      "website": "https://yivi.app",
      "appStoreLinks": {
        "iOS": "https://apps.apple.com/app/yivi/id1294092994",
        "android": "https://play.google.com/store/apps/details?id=org.irmacard.cardemu"
      },
      "openSource": true,
      "repositoryUrl": "https://github.com/privacybydesign",
      "status": "production",
      "provider": {
        "name": "Privacy by Design Foundation",
        "website": "https://privacybydesign.foundation",
        "logo": "https://www.google.com/s2/favicons?domain=yivi.app&sz=128"
      },
      "catalogUrl": "/home/runner/work/fides-wallet-catalog/fides-wallet-catalog/community-catalogs/privacybydesign/wallet-catalog.json",
      "fetchedAt": "2026-01-06T10:29:27.909Z",
      "source": "local"
    },
    {
      "id": "procivis-one",
      "name": "Procivis One",
      "description": "A Swiss enterprise identity platform providing issuer and verifier capabilities for verifiable credentials with a focus on privacy and compliance.",
      "logo": "https://www.google.com/s2/favicons?domain=procivis.ch&sz=128",
      "website": "https://www.procivis.ch",
      "type": "organizational",
      "capabilities": [
        "issuer",
        "verifier"
      ],
      "platforms": [
        "Web"
      ],
      "credentialFormats": [
        "SD-JWT-VC",
        "JWT-VC",
        "mDL/mDoc"
      ],
      "issuanceProtocols": [
        "OpenID4VCI"
      ],
      "presentationProtocols": [
        "OpenID4VP"
      ],
      "openSource": false,
      "status": "production",
      "provider": {
        "name": "Procivis",
        "website": "https://www.procivis.ch",
        "logo": "https://www.google.com/s2/favicons?domain=procivis.ch&sz=128"
      },
      "catalogUrl": "/home/runner/work/fides-wallet-catalog/fides-wallet-catalog/community-catalogs/procivis/wallet-catalog.json",
      "fetchedAt": "2026-01-06T10:29:27.909Z",
      "source": "local"
    },
    {
      "id": "scytales-id-wallet",
      "name": "Scytales ID Wallet",
      "logo": "https://www.google.com/s2/favicons?domain=scytales.com&sz=128",
      "description": "An enterprise-grade digital identity wallet for secure credential management, supporting various verifiable credential formats.",
      "type": "personal",
      "platforms": [
        "iOS",
        "Android"
      ],
      "credentialFormats": [
        "SD-JWT-VC",
        "JWT-VC"
      ],
      "issuanceProtocols": [
        "OpenID4VCI"
      ],
      "presentationProtocols": [
        "OpenID4VP"
      ],
      "website": "https://scytales.com",
      "appStoreLinks": {
        "iOS": "https://apps.apple.com/app/scytales-id/id1526508103",
        "android": "https://play.google.com/store/apps/details?id=com.scytales.wallet"
      },
      "openSource": false,
      "status": "production",
      "provider": {
        "name": "Scytales",
        "website": "https://scytales.com",
        "logo": "https://www.google.com/s2/favicons?domain=scytales.com&sz=128"
      },
      "catalogUrl": "/home/runner/work/fides-wallet-catalog/fides-wallet-catalog/community-catalogs/scytales/wallet-catalog.json",
      "fetchedAt": "2026-01-06T10:29:27.910Z",
      "source": "local"
    },
    {
      "id": "scytales-eu-reference-wallet",
      "name": "Scytales EU Reference Wallet",
      "logo": "https://www.google.com/s2/favicons?domain=scytales.com&sz=128",
      "description": "An organizational platform based on the EU Digital Identity Wallet reference implementation, providing issuer and verifier capabilities.",
      "type": "organizational",
      "capabilities": [
        "issuer",
        "verifier"
      ],
      "platforms": [
        "Web"
      ],
      "credentialFormats": [
        "SD-JWT-VC",
        "JWT-VC",
        "mDL/mDoc"
      ],
      "issuanceProtocols": [
        "OpenID4VCI"
      ],
      "presentationProtocols": [
        "OpenID4VP"
      ],
      "website": "https://www.scytales.com",
      "openSource": false,
      "status": "production",
      "provider": {
        "name": "Scytales",
        "website": "https://scytales.com",
        "logo": "https://www.google.com/s2/favicons?domain=scytales.com&sz=128"
      },
      "catalogUrl": "/home/runner/work/fides-wallet-catalog/fides-wallet-catalog/community-catalogs/scytales/wallet-catalog.json",
      "fetchedAt": "2026-01-06T10:29:27.910Z",
      "source": "local"
    },
    {
      "id": "sicpa-digital-trust-suite",
      "name": "SICPA Digital Trust Suite",
      "description": "An enterprise digital trust platform from SICPA providing issuer and verifier capabilities for secure credential management, building on their expertise in security authentication.",
      "logo": "https://www.google.com/s2/favicons?domain=sicpa.com&sz=128",
      "website": "https://www.sicpa.com",
      "type": "organizational",
      "capabilities": [
        "issuer",
        "verifier"
      ],
      "platforms": [
        "Web"
      ],
      "credentialFormats": [
        "SD-JWT-VC",
        "JWT-VC"
      ],
      "issuanceProtocols": [
        "OpenID4VCI"
      ],
      "presentationProtocols": [
        "OpenID4VP"
      ],
      "openSource": false,
      "status": "production",
      "provider": {
        "name": "SICPA",
        "website": "https://www.sicpa.com",
        "logo": "https://www.google.com/s2/favicons?domain=sicpa.com&sz=128"
      },
      "catalogUrl": "/home/runner/work/fides-wallet-catalog/fides-wallet-catalog/community-catalogs/sicpa/wallet-catalog.json",
      "fetchedAt": "2026-01-06T10:29:27.910Z",
      "source": "local"
    },
    {
      "id": "sphereon-wallet",
      "name": "Sphereon Wallet",
      "description": "Enterprise-grade digital identity wallet with support for multiple credential formats and protocols.",
      "logo": "https://www.google.com/s2/favicons?domain=sphereon.com&sz=128",
      "website": "https://sphereon.com/wallet",
      "type": "personal",
      "platforms": [
        "iOS",
        "Android",
        "Web"
      ],
      "openSource": true,
      "license": "Apache-2.0",
      "repository": "https://github.com/Sphereon-Opensource/ssi-mobile-wallet",
      "credentialFormats": [
        "SD-JWT-VC",
        "JWT-VC",
        "JSON-LD VC",
        "mDL/mDoc"
      ],
      "issuanceProtocols": [
        "OpenID4VCI"
      ],
      "presentationProtocols": [
        "OpenID4VP",
        "SIOPv2"
      ],
      "supportedDIDMethods": [
        "did:web",
        "did:key",
        "did:jwk",
        "did:ion",
        "did:ebsi"
      ],
      "keyManagement": [
        "Secure Enclave (iOS)",
        "StrongBox (Android)",
        "Software"
      ],
      "certifications": [
        "EUDI Wallet LSP"
      ],
      "interoperabilityProfiles": [
        "DIIP v4"
      ],
      "standards": [
        "ARF 1.4",
        "EBSI"
      ],
      "features": [
        "Multi-tenant support",
        "Enterprise integration",
        "Biometric authentication",
        "Cross-platform sync"
      ],
      "documentation": "https://docs.sphereon.com/wallet",
      "appStoreLinks": {
        "iOS": "https://apps.apple.com/app/sphereon-wallet/id987654321",
        "android": "https://play.google.com/store/apps/details?id=com.sphereon.wallet"
      },
      "status": "production",
      "releaseDate": "2022-03-15",
      "provider": {
        "name": "Sphereon",
        "did": "did:web:sphereon.com",
        "website": "https://sphereon.com",
        "logo": "https://www.google.com/s2/favicons?domain=sphereon.com&sz=128",
        "contact": {
          "email": "info@sphereon.com"
        }
      },
      "catalogUrl": "/home/runner/work/fides-wallet-catalog/fides-wallet-catalog/community-catalogs/sphereon/wallet-catalog.json",
      "fetchedAt": "2026-01-06T10:29:27.911Z",
      "source": "local"
    },
    {
      "id": "sphereon-platform",
      "name": "Sphereon Platform",
      "description": "An enterprise organizational wallet platform providing holder, issuer, and verifier capabilities with DIIP v4 compliance.",
      "logo": "https://www.google.com/s2/favicons?domain=sphereon.com&sz=128",
      "website": "https://sphereon.com",
      "type": "organizational",
      "capabilities": [
        "holder",
        "issuer",
        "verifier"
      ],
      "platforms": [
        "Web"
      ],
      "openSource": false,
      "credentialFormats": [
        "SD-JWT-VC",
        "JWT-VC",
        "JSON-LD VC",
        "mDL/mDoc"
      ],
      "issuanceProtocols": [
        "OpenID4VCI"
      ],
      "presentationProtocols": [
        "OpenID4VP"
      ],
      "interoperabilityProfiles": [
        "DIIP v4"
      ],
      "documentation": "https://docs.sphereon.com",
      "status": "production",
      "provider": {
        "name": "Sphereon",
        "did": "did:web:sphereon.com",
        "website": "https://sphereon.com",
        "logo": "https://www.google.com/s2/favicons?domain=sphereon.com&sz=128",
        "contact": {
          "email": "info@sphereon.com"
        }
      },
      "catalogUrl": "/home/runner/work/fides-wallet-catalog/fides-wallet-catalog/community-catalogs/sphereon/wallet-catalog.json",
      "fetchedAt": "2026-01-06T10:29:27.911Z",
      "source": "local"
    },
    {
      "id": "spherity-wallet",
      "name": "Spherity Wallet",
      "description": "An enterprise identity wallet specializing in supply chain and pharmaceutical industry use cases, providing complete holder, issuer, and verifier capabilities.",
      "logo": "https://www.google.com/s2/favicons?domain=spherity.com&sz=128",
      "website": "https://www.spherity.com",
      "type": "organizational",
      "capabilities": [
        "holder",
        "issuer",
        "verifier"
      ],
      "platforms": [
        "Web"
      ],
      "credentialFormats": [
        "SD-JWT-VC",
        "JWT-VC",
        "JSON-LD VC"
      ],
      "issuanceProtocols": [
        "OpenID4VCI"
      ],
      "presentationProtocols": [
        "OpenID4VP"
      ],
      "supportedDIDMethods": [
        "did:web",
        "did:key",
        "did:ethr"
      ],
      "openSource": false,
      "status": "production",
      "provider": {
        "name": "Spherity",
        "website": "https://www.spherity.com",
        "logo": "https://www.google.com/s2/favicons?domain=spherity.com&sz=128"
      },
      "catalogUrl": "/home/runner/work/fides-wallet-catalog/fides-wallet-catalog/community-catalogs/spherity/wallet-catalog.json",
      "fetchedAt": "2026-01-06T10:29:27.911Z",
      "source": "local"
    },
    {
      "id": "altme-wallet",
      "name": "Altme",
      "logo": "https://www.google.com/s2/favicons?domain=altme.io&sz=128",
      "description": "A self-sovereign identity wallet for managing verifiable credentials, supporting decentralized identity standards and blockchain-based credentials.",
      "type": "personal",
      "platforms": [
        "iOS",
        "Android"
      ],
      "credentialFormats": [
        "SD-JWT-VC",
        "JWT-VC",
        "JSON-LD VC"
      ],
      "protocols": {
        "issuance": [
          "OpenID4VCI"
        ],
        "presentation": [
          "OpenID4VP"
        ]
      },
      "website": "https://altme.io",
      "appStoreLinks": {
        "iOS": "https://apps.apple.com/app/altme-wallet/id1633216869",
        "android": "https://play.google.com/store/apps/details?id=co.altme.alt.me.altme"
      },
      "openSource": true,
      "status": "production",
      "provider": {
        "name": "Talao",
        "website": "https://talao.io",
        "logo": "https://www.google.com/s2/favicons?domain=talao.io&sz=128"
      },
      "catalogUrl": "/home/runner/work/fides-wallet-catalog/fides-wallet-catalog/community-catalogs/talao/wallet-catalog.json",
      "fetchedAt": "2026-01-06T10:29:27.912Z",
      "source": "local"
    },
    {
      "id": "talao-wallet",
      "name": "Talao Wallet",
      "logo": "https://www.google.com/s2/favicons?domain=talao.io&sz=128",
      "description": "Enterprise-grade identity wallet supporting verifiable credentials and decentralized identity protocols. HAIP compliant (expected November 2025).",
      "type": "personal",
      "platforms": [
        "iOS",
        "Android"
      ],
      "credentialFormats": [
        "SD-JWT-VC",
        "JWT-VC",
        "JSON-LD VC"
      ],
      "protocols": {
        "issuance": [
          "OpenID4VCI"
        ],
        "presentation": [
          "OpenID4VP"
        ]
      },
      "website": "https://talao.io",
      "appStoreLinks": {
        "iOS": "https://apps.apple.com/app/talao-wallet/id1582183266",
        "android": "https://play.google.com/store/apps/details?id=co.talao.wallet"
      },
      "openSource": true,
      "status": "production",
      "provider": {
        "name": "Talao",
        "website": "https://talao.io",
        "logo": "https://www.google.com/s2/favicons?domain=talao.io&sz=128"
      },
      "catalogUrl": "/home/runner/work/fides-wallet-catalog/fides-wallet-catalog/community-catalogs/talao/wallet-catalog.json",
      "fetchedAt": "2026-01-06T10:29:27.912Z",
      "source": "local"
    },
    {
      "id": "vira-wallet",
      "name": "Vira",
      "logo": "https://www.google.com/s2/favicons?domain=tanglelabs.io&sz=128",
      "description": "A decentralized identity wallet built on IOTA technology, enabling secure management of verifiable credentials with a focus on sustainability and scalability.",
      "type": "personal",
      "platforms": [
        "iOS",
        "Android"
      ],
      "credentialFormats": [
        "SD-JWT-VC",
        "JWT-VC"
      ],
      "protocols": {
        "issuance": [
          "OpenID4VCI"
        ],
        "presentation": [
          "OpenID4VP"
        ]
      },
      "website": "https://tanglelabs.io",
      "appStoreLinks": {
        "iOS": "https://apps.apple.com/app/vira-wallet/id6466040524",
        "android": "https://play.google.com/store/apps/details?id=io.tanglelabs.vira"
      },
      "openSource": false,
      "status": "production",
      "provider": {
        "name": "Tangle Labs",
        "website": "https://tanglelabs.io",
        "logo": "https://www.google.com/s2/favicons?domain=tanglelabs.io&sz=128"
      },
      "catalogUrl": "/home/runner/work/fides-wallet-catalog/fides-wallet-catalog/community-catalogs/tanglelabs/wallet-catalog.json",
      "fetchedAt": "2026-01-06T10:29:27.913Z",
      "source": "local"
    },
    {
      "id": "toppan-security-wallet",
      "name": "TOPPAN Security Wallet",
      "logo": "https://www.google.com/s2/favicons?domain=toppan.com&sz=128",
      "description": "An enterprise security wallet supporting digital identity and verifiable credentials with DIIP v4 compliance.",
      "type": "personal",
      "platforms": [
        "iOS",
        "Android"
      ],
      "credentialFormats": [
        "SD-JWT-VC",
        "JWT-VC"
      ],
      "protocols": {
        "issuance": [
          "OpenID4VCI"
        ],
        "presentation": [
          "OpenID4VP"
        ]
      },
      "interoperabilityProfiles": [
        "DIIP v4"
      ],
      "website": "https://www.toppan.com",
      "appStoreLinks": {
        "iOS": "https://apps.apple.com/app/ts-digital-onboarding-solution/id6479744390",
        "android": "https://play.google.com/store/apps/details?id=com.toppangravity.app"
      },
      "openSource": false,
      "status": "production",
      "provider": {
        "name": "Toppan",
        "website": "https://www.toppan.com",
        "logo": "https://www.google.com/s2/favicons?domain=toppan.com&sz=128"
      },
      "catalogUrl": "/home/runner/work/fides-wallet-catalog/fides-wallet-catalog/community-catalogs/toppan/wallet-catalog.json",
      "fetchedAt": "2026-01-06T10:29:27.913Z",
      "source": "local"
    },
    {
      "id": "transmute-platform",
      "name": "Transmute Platform",
      "description": "An enterprise platform for verifiable data and supply chain traceability, providing issuer, verifier, and holder capabilities with a focus on trade and logistics.",
      "logo": "https://www.google.com/s2/favicons?domain=transmute.industries&sz=128",
      "website": "https://transmute.industries",
      "type": "organizational",
      "capabilities": [
        "holder",
        "issuer",
        "verifier"
      ],
      "platforms": [
        "Web"
      ],
      "credentialFormats": [
        "JSON-LD VC",
        "JWT-VC"
      ],
      "issuanceProtocols": [
        "OpenID4VCI"
      ],
      "presentationProtocols": [
        "OpenID4VP"
      ],
      "supportedDIDMethods": [
        "did:web",
        "did:key"
      ],
      "interoperabilityProfiles": [
        "DIIP v4"
      ],
      "openSource": true,
      "status": "production",
      "documentation": "https://transmute.industries/docs",
      "provider": {
        "name": "Transmute",
        "website": "https://transmute.industries",
        "logo": "https://www.google.com/s2/favicons?domain=transmute.industries&sz=128"
      },
      "catalogUrl": "/home/runner/work/fides-wallet-catalog/fides-wallet-catalog/community-catalogs/transmute/wallet-catalog.json",
      "fetchedAt": "2026-01-06T10:29:27.913Z",
      "source": "local"
    },
    {
      "id": "uaegean-wallet",
      "name": "UAegean Wallet (Cyclades Fast Ferries)",
      "description": "An organizational wallet developed by the University of the Aegean providing holder, issuer, and verifier capabilities, demonstrated in the Cyclades Fast Ferries use case.",
      "logo": "https://www.google.com/s2/favicons?domain=aegean.gr&sz=128",
      "website": "https://www.aegean.gr",
      "type": "organizational",
      "capabilities": [
        "holder",
        "issuer",
        "verifier"
      ],
      "platforms": [
        "Web"
      ],
      "credentialFormats": [
        "SD-JWT-VC",
        "JWT-VC"
      ],
      "issuanceProtocols": [
        "OpenID4VCI"
      ],
      "presentationProtocols": [
        "OpenID4VP"
      ],
      "interoperabilityProfiles": [
        "EWC v3"
      ],
      "openSource": false,
      "status": "production",
      "provider": {
        "name": "University of the Aegean",
        "website": "https://www.aegean.gr",
        "logo": "https://www.google.com/s2/favicons?domain=aegean.gr&sz=128"
      },
      "catalogUrl": "/home/runner/work/fides-wallet-catalog/fides-wallet-catalog/community-catalogs/uaegean/wallet-catalog.json",
      "fetchedAt": "2026-01-06T10:29:27.914Z",
      "source": "local"
    },
    {
      "id": "heidi-wallet",
      "name": "Heidi Wallet App",
      "logo": "https://www.google.com/s2/favicons?domain=ubique.ch&sz=128",
      "description": "A HAIP-compliant Swiss identity wallet supporting verifiable credentials for secure digital identity management.",
      "type": "personal",
      "platforms": [
        "iOS",
        "Android"
      ],
      "credentialFormats": [
        "SD-JWT-VC",
        "JWT-VC"
      ],
      "protocols": {
        "issuance": [
          "OpenID4VCI"
        ],
        "presentation": [
          "OpenID4VP"
        ]
      },
      "interoperabilityProfiles": [
        "DIIP v4"
      ],
      "website": "https://ubique.ch",
      "appStoreLinks": {
        "iOS": "https://apps.apple.com/bj/app/heidi-wallet/id6741428702",
        "android": "https://play.google.com/store/apps/details?id=ch.ubique.heidi.android"
      },
      "openSource": false,
      "status": "production",
      "provider": {
        "name": "Ubique Innovation",
        "website": "https://ubique.ch",
        "logo": "https://www.google.com/s2/favicons?domain=ubique.ch&sz=128"
      },
      "catalogUrl": "/home/runner/work/fides-wallet-catalog/fides-wallet-catalog/community-catalogs/ubique/wallet-catalog.json",
      "fetchedAt": "2026-01-06T10:29:27.914Z",
      "source": "local"
    },
    {
      "id": "vidwallet",
      "name": "VIDwallet",
      "logo": "https://www.google.com/s2/favicons?domain=validatedid.com&sz=128",
      "description": "A HAIP-compliant digital identity wallet enabling secure storage and presentation of verifiable credentials for individuals.",
      "type": "personal",
      "platforms": [
        "iOS",
        "Android"
      ],
      "credentialFormats": [
        "SD-JWT-VC",
        "JWT-VC"
      ],
      "issuanceProtocols": [
        "OpenID4VCI"
      ],
      "presentationProtocols": [
        "OpenID4VP"
      ],
      "interoperabilityProfiles": [
        "EWC v3"
      ],
      "website": "https://www.validatedid.com",
      "appStoreLinks": {
        "iOS": "https://apps.apple.com/app/vidwallet/id1554340592",
        "android": "https://play.google.com/store/apps/details?id=com.validatedid.wallet"
      },
      "openSource": false,
      "status": "production",
      "provider": {
        "name": "Validated ID",
        "website": "https://www.validatedid.com",
        "logo": "https://www.google.com/s2/favicons?domain=validatedid.com&sz=128"
      },
      "catalogUrl": "/home/runner/work/fides-wallet-catalog/fides-wallet-catalog/community-catalogs/validatedid/wallet-catalog.json",
      "fetchedAt": "2026-01-06T10:29:27.915Z",
      "source": "local"
    },
    {
      "id": "validatedid-platform",
      "name": "ValidatedID Platform",
      "logo": "https://www.google.com/s2/favicons?domain=validatedid.com&sz=128",
      "description": "An enterprise digital identity platform providing complete holder, issuer, and verifier capabilities for organizational credential management.",
      "type": "organizational",
      "capabilities": [
        "holder",
        "issuer",
        "verifier"
      ],
      "platforms": [
        "Web"
      ],
      "credentialFormats": [
        "SD-JWT-VC",
        "JWT-VC"
      ],
      "issuanceProtocols": [
        "OpenID4VCI"
      ],
      "presentationProtocols": [
        "OpenID4VP"
      ],
      "interoperabilityProfiles": [
        "EWC v3"
      ],
      "website": "https://validated.id",
      "openSource": false,
      "status": "production",
      "provider": {
        "name": "Validated ID",
        "website": "https://www.validatedid.com",
        "logo": "https://www.google.com/s2/favicons?domain=validatedid.com&sz=128"
      },
      "catalogUrl": "/home/runner/work/fides-wallet-catalog/fides-wallet-catalog/community-catalogs/validatedid/wallet-catalog.json",
      "fetchedAt": "2026-01-06T10:29:27.915Z",
      "source": "local"
    },
    {
      "id": "wwwallet",
      "name": "wwWallet",
      "logo": "https://avatars.githubusercontent.com/u/126908515",
      "description": "An open-source web-based wallet for verifiable credentials, enabling users to manage their digital identity directly in the browser without installing an app.",
      "type": "personal",
      "platforms": [
        "Web"
      ],
      "credentialFormats": [
        "SD-JWT-VC",
        "JWT-VC"
      ],
      "protocols": {
        "issuance": [
          "OpenID4VCI"
        ],
        "presentation": [
          "OpenID4VP"
        ]
      },
      "website": "https://wwwallet.org",
      "appStoreLinks": {
        "web": "https://demo.wwwallet.org/login"
      },
      "openSource": true,
      "repositoryUrl": "https://github.com/wwWallet",
      "status": "production",
      "provider": {
        "name": "wwWallet.org",
        "website": "https://wwwallet.org",
        "logo": "https://avatars.githubusercontent.com/u/126908515"
      },
      "catalogUrl": "/home/runner/work/fides-wallet-catalog/fides-wallet-catalog/community-catalogs/wwwallet/wallet-catalog.json",
      "fetchedAt": "2026-01-06T10:29:27.916Z",
      "source": "local"
    },
    {
      "id": "eausweise",
      "name": "eAusweise (Austrian Wallet)",
      "logo": "https://www.google.com/s2/favicons?domain=oesterreich.gv.at&sz=128",
      "description": "The official Austrian government identity wallet, enabling citizens to store and present digital identity documents and verifiable credentials.",
      "type": "personal",
      "platforms": [
        "iOS",
        "Android"
      ],
      "credentialFormats": [
        "SD-JWT-VC",
        "mDL/mDoc"
      ],
      "protocols": {
        "issuance": [
          "OpenID4VCI"
        ],
        "presentation": [
          "OpenID4VP"
        ]
      },
      "website": "https://www.oesterreich.gv.at",
      "appStoreLinks": {
        "iOS": "https://apps.apple.com/de/app/eausweise/id1641458335",
        "android": "https://play.google.com/store/apps/details?id=at.gv.oe.awp.eausweise"
      },
      "openSource": false,
      "status": "production",
      "provider": {
        "name": "youniqx Identity AG",
        "website": "https://www.youniqx.com",
        "logo": "https://www.google.com/s2/favicons?domain=youniqx.com&sz=128"
      },
      "catalogUrl": "/home/runner/work/fides-wallet-catalog/fides-wallet-catalog/community-catalogs/youniqx/wallet-catalog.json",
      "fetchedAt": "2026-01-06T10:29:27.916Z",
      "source": "local"
    },
    {
      "id": "eid-li",
      "name": "eID.li (Liechtenstein Wallet)",
      "logo": "https://www.google.com/s2/favicons?domain=llv.li&sz=128",
      "description": "The official Liechtenstein government identity wallet, enabling citizens to store and present digital identity documents and verifiable credentials.",
      "type": "personal",
      "platforms": [
        "iOS",
        "Android"
      ],
      "credentialFormats": [
        "SD-JWT-VC",
        "mDL/mDoc"
      ],
      "protocols": {
        "issuance": [
          "OpenID4VCI"
        ],
        "presentation": [
          "OpenID4VP"
        ]
      },
      "website": "https://www.llv.li",
      "appStoreLinks": {
        "iOS": "https://apps.apple.com/us/app/eid-li/id1490404943",
        "android": "https://play.google.com/store/apps/details?id=li.llv.eidli.app"
      },
      "openSource": false,
      "status": "production",
      "provider": {
        "name": "youniqx Identity AG",
        "website": "https://www.youniqx.com",
        "logo": "https://www.google.com/s2/favicons?domain=youniqx.com&sz=128"
      },
      "catalogUrl": "/home/runner/work/fides-wallet-catalog/fides-wallet-catalog/community-catalogs/youniqx/wallet-catalog.json",
      "fetchedAt": "2026-01-06T10:29:27.916Z",
      "source": "local"
    },
    {
      "id": "yourd-data-wallet",
      "name": "YourD Data Wallet",
      "logo": "https://www.google.com/s2/favicons?domain=yourd.xyz&sz=128",
      "description": "A data ownership wallet supporting both HAIP and DIIP v4 interoperability profiles, enabling secure management of personal data and verifiable credentials.",
      "type": "personal",
      "platforms": [
        "iOS",
        "Android"
      ],
      "credentialFormats": [
        "SD-JWT-VC",
        "JWT-VC"
      ],
      "protocols": {
        "issuance": [
          "OpenID4VCI"
        ],
        "presentation": [
          "OpenID4VP"
        ]
      },
      "interoperabilityProfiles": [
        "DIIP v4",
        "EWC v3"
      ],
      "website": "https://yourd.xyz",
      "appStoreLinks": {
        "iOS": "https://apps.apple.com/app/yourd/id6477564824",
        "android": "https://play.google.com/store/apps/details?id=com.yourd.connect"
      },
      "openSource": false,
      "status": "production",
      "provider": {
        "name": "YourD",
        "website": "https://yourd.xyz",
        "logo": "https://www.google.com/s2/favicons?domain=yourd.xyz&sz=128"
      },
      "catalogUrl": "/home/runner/work/fides-wallet-catalog/fides-wallet-catalog/community-catalogs/yourd/wallet-catalog.json",
      "fetchedAt": "2026-01-06T10:29:27.917Z",
      "source": "local"
    }
  ],
  "providers": [
    {
      "name": "4Sure",
      "website": "https://4sure.io",
      "logo": "https://www.google.com/s2/favicons?domain=4sure.io&sz=128"
    },
    {
      "name": "Affinidi",
      "website": "https://www.affinidi.com",
      "logo": "https://www.google.com/s2/favicons?domain=affinidi.com&sz=128"
    },
    {
      "name": "Animo Solutions",
      "did": "did:web:animo.id",
      "website": "https://animo.id",
      "logo": "https://www.google.com/s2/favicons?domain=animo.id&sz=128",
      "contact": {
        "email": "info@animo.id",
        "support": "https://animo.id/support"
      }
    },
    {
      "name": "Apple",
      "website": "https://www.apple.com",
      "logo": "https://www.google.com/s2/favicons?domain=apple.com&sz=128"
    },
    {
      "name": "Archipels",
      "website": "https://en.archipels.io",
      "logo": "https://www.google.com/s2/favicons?domain=archipels.io&sz=128"
    },
    {
      "name": "Auth0 (Okta)",
      "website": "https://auth0.com",
      "logo": "https://www.google.com/s2/favicons?domain=auth0.com&sz=128"
    },
    {
      "name": "AuvoDigital",
      "website": "https://auvo.io",
      "logo": "https://www.google.com/s2/favicons?domain=auvo.io&sz=128"
    },
    {
      "name": "Credenco",
      "website": "https://www.credenco.com",
      "logo": "https://www.google.com/s2/favicons?domain=credenco.com&sz=128"
    },
    {
      "name": "Digidentity",
      "website": "https://www.digidentity.com",
      "logo": "https://www.google.com/s2/favicons?domain=digidentity.com&sz=128"
    },
    {
      "name": "Digital Bazaar",
      "website": "https://www.digitalbazaar.com",
      "logo": "https://www.google.com/s2/favicons?domain=digitalbazaar.com&sz=128"
    },
    {
      "name": "Dock",
      "website": "https://www.dock.io",
      "logo": "https://www.google.com/s2/favicons?domain=dock.io&sz=128"
    },
    {
      "name": "Forkbomb",
      "website": "https://forkbomb.solutions",
      "logo": "https://www.google.com/s2/favicons?domain=forkbomb.solutions&sz=128"
    },
    {
      "name": "Gataca Labs",
      "website": "https://gataca.io",
      "logo": "https://www.google.com/s2/favicons?domain=gataca.io&sz=128"
    },
    {
      "name": "Google",
      "website": "https://www.google.com",
      "logo": "https://www.google.com/s2/favicons?domain=google.com&sz=128"
    },
    {
      "name": "iGrant.io",
      "did": "did:web:igrant.io",
      "website": "https://igrant.io",
      "logo": "https://www.google.com/s2/favicons?domain=igrant.io&sz=128",
      "contact": {
        "email": "info@igrant.io"
      }
    },
    {
      "name": "Impierce Technologies",
      "website": "https://impierce.com",
      "logo": "https://www.google.com/s2/favicons?domain=impierce.com&sz=128"
    },
    {
      "name": "Neosfer GmbH",
      "did": "did:web:lissi.id",
      "website": "https://lissi.id",
      "logo": "https://www.google.com/s2/favicons?domain=lissi.id&sz=128",
      "contact": {
        "email": "info@lissi.id"
      }
    },
    {
      "name": "MATTR",
      "website": "https://mattr.global",
      "logo": "https://www.google.com/s2/favicons?domain=mattr.global&sz=128"
    },
    {
      "name": "Meeco",
      "website": "https://www.meeco.me",
      "logo": "https://www.google.com/s2/favicons?domain=meeco.me&sz=128"
    },
    {
      "name": "Microsoft",
      "website": "https://www.microsoft.com",
      "logo": "https://www.google.com/s2/favicons?domain=microsoft.com&sz=128"
    },
    {
      "name": "Mini-Suomi (DVV Finland)",
      "website": "https://wallet.minisuomi.fi",
      "logo": "https://www.google.com/s2/favicons?domain=minisuomi.fi&sz=128"
    },
    {
      "name": "MOSIP",
      "website": "https://www.mosip.io",
      "logo": "https://www.google.com/s2/favicons?domain=mosip.io&sz=128"
    },
    {
      "name": "Northern Block",
      "website": "https://northernblock.io",
      "logo": "https://www.google.com/s2/favicons?domain=northernblock.io&sz=128"
    },
    {
      "name": "Privacy by Design Foundation",
      "website": "https://privacybydesign.foundation",
      "logo": "https://www.google.com/s2/favicons?domain=yivi.app&sz=128"
    },
    {
      "name": "Procivis",
      "website": "https://www.procivis.ch",
      "logo": "https://www.google.com/s2/favicons?domain=procivis.ch&sz=128"
    },
    {
      "name": "Scytales",
      "website": "https://scytales.com",
      "logo": "https://www.google.com/s2/favicons?domain=scytales.com&sz=128"
    },
    {
      "name": "SICPA",
      "website": "https://www.sicpa.com",
      "logo": "https://www.google.com/s2/favicons?domain=sicpa.com&sz=128"
    },
    {
      "name": "Sphereon",
      "did": "did:web:sphereon.com",
      "website": "https://sphereon.com",
      "logo": "https://www.google.com/s2/favicons?domain=sphereon.com&sz=128",
      "contact": {
        "email": "info@sphereon.com"
      }
    },
    {
      "name": "Spherity",
      "website": "https://www.spherity.com",
      "logo": "https://www.google.com/s2/favicons?domain=spherity.com&sz=128"
    },
    {
      "name": "Talao",
      "website": "https://talao.io",
      "logo": "https://www.google.com/s2/favicons?domain=talao.io&sz=128"
    },
    {
      "name": "Tangle Labs",
      "website": "https://tanglelabs.io",
      "logo": "https://www.google.com/s2/favicons?domain=tanglelabs.io&sz=128"
    },
    {
      "name": "Toppan",
      "website": "https://www.toppan.com",
      "logo": "https://www.google.com/s2/favicons?domain=toppan.com&sz=128"
    },
    {
      "name": "Transmute",
      "website": "https://transmute.industries",
      "logo": "https://www.google.com/s2/favicons?domain=transmute.industries&sz=128"
    },
    {
      "name": "University of the Aegean",
      "website": "https://www.aegean.gr",
      "logo": "https://www.google.com/s2/favicons?domain=aegean.gr&sz=128"
    },
    {
      "name": "Ubique Innovation",
      "website": "https://ubique.ch",
      "logo": "https://www.google.com/s2/favicons?domain=ubique.ch&sz=128"
    },
    {
      "name": "Validated ID",
      "website": "https://www.validatedid.com",
      "logo": "https://www.google.com/s2/favicons?domain=validatedid.com&sz=128"
    },
    {
      "name": "wwWallet.org",
      "website": "https://wwwallet.org",
      "logo": "https://avatars.githubusercontent.com/u/126908515"
    },
    {
      "name": "youniqx Identity AG",
      "website": "https://www.youniqx.com",
      "logo": "https://www.google.com/s2/favicons?domain=youniqx.com&sz=128"
    },
    {
      "name": "YourD",
      "website": "https://yourd.xyz",
      "logo": "https://www.google.com/s2/favicons?domain=yourd.xyz&sz=128"
    }
  ],
  "lastUpdated": "2026-01-06T10:29:28.094Z",
  "stats": {
    "totalWallets": 48,
    "totalProviders": 5,
    "byType": {
      "personal": 22,
      "organizational": 26
    },
    "byPlatform": {
      "iOS": 22,
      "Android": 22,
      "Web": 29,
      "Windows": 0,
      "macOS": 0,
      "Linux": 0,
      "CLI": 0
    },
    "byCredentialFormat": {
      "SD-JWT-VC": 41,
      "JWT-VC": 43,
      "JSON-LD VC": 11,
      "AnonCreds": 8,
      "mDL/mDoc": 12
    }
  }
}